{
    "data": [
        {
            "position": {
                "x": -2047.968262,
                "y": -574.896729,
                "z": 11776.031250
            },
            "angle": {
                "x": -22.919540,
                "y": 61.769257
            },
            "name1": "Boost",
            "name2": "Boost",
            "type": 3,
            "style": 0
        }
    ]
}
